tweet_id,tweet_text,disaster_type,Event type,Sub-event type
221935123,NYPD's public information office reports there have been five storm-related deaths in NYC. http://t.co/xzTcTLGl #Sandy,Hurricane,information dissemination,update
221935124,Sandy to cause 'record extreme coastal flooding' http://t.co/KHls8eDj via @AsburyParkPress,Hurricane,information dissemination,update
221935125,If your lights go out in Toronto it will take a couple hours to a couple of days to restore. #Sandy,Hurricane,information dissemination,update
221935126,Non-AmericansÃÂ¤ÃÂ³ÃÂ®54 in Haiti 11 in CubaÃÂ¤ÃÂ³ÃÂ®are people too. MT @nytimes: At least 39 people have died due to Hurricane Sandy. http://t.co/RF12OEvu,Hurricane,die,intensity
221935127,A shark casually swimming down a road in NYC #sandy http://t.co/4j9Q0Ri2,Hurricane,information dissemination,update
221935128,Sandy left 250000 people homeless in Haiti. The country wasn't prepared and now it's decimated.,Hurricane,information dissemination,destruction
221935129,Sandy: East coast braces for hurricane ÃÂ¤ÃÂ³Ãâlife-threateningÃÂ¤ÃÂ³ÃÂ» storm surge http://t.co/zD0IJNRA,Hurricane,disaster preparedness,update
221935131,sum of yall lights been out...dont blame sandy...blame BILL...u kno dat LIGHT BILL ctfu,Hurricane,communication,emotion
221935132,+++BREAKING+++ New Jersey sewage plant hit by #Sandy. Ultimate shitstorm imminent for the East Coast! +++BREAKING+++,Hurricane,damage,intensity
221935133,NYC ALERT: All pets are accepted on the subway taxi and trains during evacuation. #Sandy #SandyPets,Hurricane,damage,relief assistance
221935134,A boat lies across the railroad tracks near Metro-North's Ossining station. http://t.co/952JfSHe #Sandy #SandyNYC,Hurricane,information dissemination,destruction
221935135,U.N. Security Council relocates due to storm damage: envoys http://t.co/RQTQPzYV,Hurricane,safety,relief assistance
221935136,"But... RT @thinkprogress: Bush's FEMA director Scott Brown criticizes Obama for responding to Sandy too ""quickly"" http://t.co/xZgyzZzO",Hurricane,information dissemination,emotion
221935137,ÃÂ¤ÃÂ³ÃÂ¬@MTV: What the flood?! 10 photos of NYC hurricane aftermath: http://t.co/1tslqlAn #SandySucksÃÂ¤ÃÂ³ÃÂ holy shit... So sad_ÃÂ´ÃâÃâ,Hurricane,information dissemination,update
221935138,NYC firefighters look up at a collapsed crane dangling from a building | http://t.co/8abQk4SC #Sandy,Hurricane,information dissemination,rescue support
221935139,#Sandy East coast search for open shelters by texting: SHELTER + a zip code to 43362 (4FEMA). Ex: Shelter 01234 (std rates apply),Hurricane,communication,relief assistance
221935140,LIVE VIDEO: NYC Mayor Michael Bloomberg updates residents on Hurricane #Sandy http://t.co/XtzsBslf,Hurricane,news,update
221935141,#Sandy IÃÂ¤ÃÂ_NYC and hope and pray my city gets through the day/night without damage xxx,Hurricane,empathy,well wishes
221935142,Oh great! ÃÂ¤ÃÂ³ÃÂ¬@NYTMetro: ConEd: Number of NYC-area customers without power is about 68700 and is sure to keep rising http://t.co/bfRGmgiVÃÂ¤ÃÂ³ÃÂ,Hurricane,information dissemination,update
221935143,#frankenstorm #nyc RT @queenscourier UPDATE: Outages in #Queens have reached more than 19000 #ConEd customers http://t.co/IA3Vhf3U #Sandy,Hurricane,safety,intensity
221935144,#BreakingNews - 8.1 million now without power in 18 states from #Superstorm #Sandy,Hurricane,safety,intensity
221935145,Power out here in NYC! Hope everyone has candles and a fleshlight! #Sandy,Hurricane,information dissemination,well wishes
221935147,How Adland Is Weathering Hurricane #Sandy via @Adage http://t.co/CuiGc6V5,Hurricane,disaster preparedness,update
221935148,@Pa_Dmcshane @scottraff @ruairidig watching coverage of Sandy reminds me when me and @JohnnyPhilpott1 were in NYC when Irene hit last year,Hurricane,information dissemination,emotion
221935149,JFK recorded a wind gust to 66mph at 1:36pm. Just short of hurricane force. Still 8-10hrs from landfall. http://t.co/4Cswv26R #Sandy,Hurricane,information dissemination,intensity
221935150,NYC ALERT: ALL evacuation shelters are pet friendly - don't leave your pets behind! http://t.co/Xs6MngZp #SANDY #sandypets,Hurricane,safety,relief assistance
221935151,Hi guys! ::waves back:: RT @TIME NYC firefighters look up at a collapsed crane dangling from a building | http://t.co/dcb9fvRf #Sandy,Hurricane,information dissemination,rescue support
221935152,Hurricane #Sandy shaping up as record-breaking storm. http://t.co/SrOGBdL4,Hurricane,information dissemination,information sharing
221935153,We are worried about the #UN documents historical collection that might have been damaged by #Sandy. We will keep you posted.,Hurricane,empathy,update
221935154,Hope tvt and company are staying safe in NYC! #sandy,Hurricane,empathy,well wishes
221935155,Mayor Bloomberg will update New Yorkers on #Sandy at 10 AM. Will be live on http://t.co/wl7rGW1H.,Hurricane,news,update
221935156,Lashkar-e-Taiba founder Hafiz Saeed offers US aid after Hurricane Sandy. US demurs says he looks like Peter Bull http://t.co/NhAmGTyI,Hurricane,humanitarian assistance,relief assistance
221935157,Hurricane #Sandy hits NYC hard with intense winds #Frankenstorm http://t.co/j6I531we,Hurricane,damage,intensity
221935158,Spare a thought for all the NYC otherkin who will lose their tails in Hurricane Sandy.,Hurricane,empathy,well wishes
221935159,I survived Sandy!! @ Midtown Manhattan http://t.co/BbwIFer6,Hurricane,safety,well wishes
221935161,even the rats left town RT @YGNw: Eery images from the empty #NYC subways http://t.co/eCGqw1ek #sandy,Hurricane,information dissemination,update
221935163,Good News! FEMA White House Send Storm Victims To Internet http://t.co/3gm6ffLV via @BeforeItsNews Power out from Sandy? Need help? #CFSA,Hurricane,humanitarian assistance,relief assistance
221935164,MTA chairman: There are 7 subway tunnels that connect Manhattan to Brooklyn & Queens those 7 are flooded #nyc #Sandy,Hurricane,damage,destruction
221935165,4 great live streaming webcams from Fager's Island in Ocean City MD as #Sandy moves in http://t.co/AvdeDZIU,Hurricane,information dissemination,update
221935166,The Science of Hurricane Sandy Liveblog http://t.co/Beub7P3E,Hurricane,information dissemination,update
221935167,Total deaths due to superstorm Sandy now at 94 with 26 in the U.S. - details: http://t.co/Ddv2x5uM,Hurricane,die,intensity
221935168,Praying for the people that have been affected by #Sandy.,Hurricane,spiritual,well wishes
221935169,Anyone being affected by Hurricane #Sandy can text 311692 for info or help. Please RT this could possibly save lives. http://t.co/RFOSa3em,Hurricane,safety,relief assistance
221935170,Stay safe American friends for those who are stuck in the path of hurricane Sandy. Keep your animal friends safe too! Take all precautions.X,Hurricane,safety,well wishes
221935171,Between NYC/Westchester/Long Island and New Jersey there are 1.26 million customers without power. #Sandy,Hurricane,information dissemination,intensity
221935172,ASPCA responders are on the ground in NYC helping to care for pets evacuated by #Sandy! http://t.co/qluu4m0E #sandypets,Hurricane,safety,relief assistance
221935173,"GET THIS NEWS: ""One of the biggest storms of our lifetimes is unfolding right now."" http://t.co/GKrfn4Qf",Hurricane,information dissemination,update
221935174,5:15pm Ready to crest North Cove marina lower wall/pier. 4+ft to Esplanade #BPC #NYC @AP @BrianLehrer @Gawker #Sandy,Hurricane,damage,update
221935176,Wind gusts over 60 mph are being reported at Central Park and JFK airport in #NYC this hour. #Sandy,Hurricane,damage,intensity
221935177,Updated Website! Storm Sandy Schedule Update - We've been praying that you are all safe in the aftermath of this sto... http://t.co/21Kq3Dkx,Hurricane,spiritual,update
221935179,@leeannderthol No the aquarium building itself is fine and there have been no reports of lost animals. http://t.co/yU3tFibK,Hurricane,safety,well wishes
221935180,My thoughts and prayers go out to everyone in NYC #Sandy and @onlinepato stay safe!!!,Hurricane,spiritual,well wishes
221935181,Several Bridges Set to Close Because of #HurricaneSandy #Sandy #NYC http://t.co/3BnewQxJ,Hurricane,information dissemination,update
221935182,Mayor Bloomberg Updates NYC On #Sandy http://t.co/45AjuROW LIVESTREAM NOW,Hurricane,news,update
221935183,Absolutely incredible. Tomb of the Unknown Soldier continues to stay guarded throughout Hurricane Sandy. http://t.co/fewg8QNV,Hurricane,information dissemination,emotion
221935184,Volunteers needed today in Park Slope at John Jay HS and the Armory; adults only. Details here: http://t.co/5JtJsfJR #parkslope #sandy,Hurricane,humanitarian assistance,relief assistance
221935185,NYC firefighters look up at a collapsed crane dangling from a building | http://t.co/8abQk4SC #Sandy,Hurricane,information dissemination,rescue support
221935186,Gov: @fema has been fantastic i have total respect for the job they are doing #sandy,Hurricane,empathy,emotion
221935188,BEST LIVE updates on the unfolding Hurricane Sandy situation in NYC follow live tweeting from the scene!,Hurricane,information dissemination,update
221935190,Make a donation to help the dog of Jessie Streich-Kest who was killed in Ditmas Park during #Sandy: http://t.co/qGSDi7vU,Hurricane,humanitarian assistance,relief assistance
221935191,@TheReal_EdwardC flights to NYC are cancelled due to hurricane sandy,Hurricane,damage,update
221935192,"If we named it ""hurricane Dallas Cowboys"" it would have never touched down. #sandy",Hurricane,information dissemination,update
221935196,New York Times slams Romney as Sandy slams New York | Fox News http://t.co/mT3F1nCT via @fxnopinion #fireObama #RomneyRyan2012 #teaparty,Hurricane,information dissemination,emotion
221935198,Nearly All Of Weston Without Power After Hurricane Sandy Tues AM http://t.co/SFaCqMFv,Hurricane,safety,update
221935199,Emergency Shelters for #Sandy are still in need of help- and will be for a few days. Lend a hand: Volunteer. http://t.co/jzYo2dI6,Hurricane,safety,relief assistance
221935201,hurricane #Sandy dashboard for #NYC http://t.co/F1H6cWCh created by @melanarchy #graphs #weather,Hurricane,information dissemination,update
221935203,If you're one of the piece of shit so-called Christians delighting in Sandy it is a shame the Hell you'd definitely go to doesn't exist.,Hurricane,empathy,emotion
221935204,Michigan feels Superstorm Sandy pain with power outages high winds waves http://t.co/OjgQfaC1 #green #news,Hurricane,information dissemination,intensity
221935205,"Diane Sawyer's ""Special Report"" about #Sandy on @ABC was a half-hour campaign ad for Obama.",Hurricane,information dissemination,update
221935206,A Time-Lapse of the NYC Sky During Sandy http://t.co/KIi2vq7B feels simultaneously ominous and comforting,Hurricane,information dissemination,update
221935207,Cool collection of webcams to provide a high-and-dry look at Hurricane Sandy http://t.co/BSg6NwXP via @USATODAY,Hurricane,information dissemination,update
221935212,To everyone in the path of #sandy please be safe.,Hurricane,safety,well wishes
221935213,NYC building had numerous construction complaints before crane collapse | http://t.co/7EDmKOp3 (via @TIMENewsfeed) #Sandy,Hurricane,information dissemination,update
221935214,BBC News - In pictures: New York flooded by Tropical Storm Sandy http://t.co/aCsL511x,Hurricane,information dissemination,update
221935215,Menacing clouds loom over #NYC today in advance of Hurricane #Sandy. #Frankenstorm http://t.co/Blm4kUzw,Hurricane,information dissemination,update
221935216,In the other #News; Sandy causes at least 30 U.S. deaths http://t.co/soxAGnfs #cnn,Hurricane,die,intensity
221935217,Timothy Ferris just confirmed he'll be joining Sandy Faber Alex Filippenko and Geoff Marcy at our BBQ with the Stars! http://t.co/vKrRUiwq,Hurricane,information dissemination,update
221935218,"If we named it """"hurricane Dallas Cowboys"""" it would have never touched down. #sandy",Hurricane,information dissemination,update
221935219,Caribbean nations have lost nearly twice that of the US but all we hear about in Aus is NYC!! #sandy #truth,Hurricane,information dissemination,intensity
221935220,Collapsed crane 57th St. NYC. #Sandy http://t.co/aacHxZYs,Hurricane,damage,intensity
221935221,Hoping @suejo111 will go downstairs from 22nd floor and hang with mommy @SJBeane on 15th floor. Stay safe in NYC. I love you. #Sandy,Hurricane,empathy,well wishes
221935222,Photos of the unbelievable scenes left in #Hurricane #Sandy's wake http://t.co/09U9L5rW #NYC #NJ,Hurricane,empathy,update
221935223,Check out Channel 11 tonight at 6 where an Entergy lineman will be interviewed about his upcoming trip to help out in NYC #Sandy,Hurricane,humanitarian assistance,relief assistance
221935224,VIDEO: Timelapse video shows Sandy's assault on NYC and the moment the lights went out. http://t.co/k4hRRVrC,Hurricane,information dissemination,update
221935225,New York City never sleeps.... #hurricance #sandy #nyc http://t.co/pULOJI05,Hurricane,information dissemination,emotion
221935226,#NYC Mayor @MikeBloomberg on #Sandy: May be the worst (storm) we have ever experienced. Watch live briefing on http://t.co/FOkSw980,Hurricane,information dissemination,update
221935228,The United States has Sandy in its Virginia.,Hurricane,information dissemination,relief assistance
221935229,Wind is CRAZY outside right now. Have the windows slightly open and the curtains are FLYING! #sandy #nyc,Hurricane,information dissemination,update
221935230,Tripping off that huge crane that NYPD says they may have to let fall on 57th and 7th Ave.. No way they can secure it from #sandy,Hurricane,humanitarian assistance,rescue support
221935232,BREAKING: Instagram servers strained as millions of East Coast users post pictures of the food they're making during Hurricane Sandy.,Hurricane,disaster preparedness,rescue support
221935233,Favorite pic is the canoe inside the house. http://t.co/p7MVf1cW #Sandy #wreckage #NYC #DC,Hurricane,information dissemination,update
221935234,Smooth ride to work - No traffic - S/o to Sandy for keepin ppl home and off the roads,Hurricane,information dissemination,well wishes
221935235,A shark was photographed swimming on the road in New Jersey #sandy pic #MB : http://t.co/gGr5xVOd,Hurricane,information dissemination,update
221935236,Apple Store gets sand bagged in the Meatpacking Dristict. #hurricane #sandy #nyc http://t.co/mfbG5fzz,Hurricane,information dissemination,destruction
221935238,On GEO after 25 mins reporting on 30 causalities in USA by Sandy there was 2 mins report for 25 deaths in Pakistan as well. @Shahidmasooddr,Hurricane,casualty,update
221935239,it will take a day or two to recover...[some things] into the weekend--@mikeBloomberg #sandy #nyc,Hurricane,information dissemination,emotion
221935241,#OWS and #Anonymous is busting ass helping people devastated by #Sandy and your beloved corporations are no where to be found.,Hurricane,empathy,relief assistance
221935242,Storm will keep financial markets closed Tuesday: NEW YORKÃÂ¤ÃÂ³ÃÂ®Major U.S. stock and bond markets will be closed beca... http://t.co/AniU2e8q,Hurricane,information dissemination,update
221935243,"#Amazing!""@MotivateAthlete: Tomb of the Unknown Soldier continues to stay guarded throughout #Hurricane #Sandy. http://t.co/wWNJ3u9N""",Hurricane,information dissemination,update
221935244,NYC firefighters look up at a collapsed crane dangling from a building | http://t.co/8abQk4SC #Sandy,Hurricane,information dissemination,rescue support
221935245,UPDATE: All Broadway performances in NYC Monday 10/29 and Tuesday 10/30 have been cancelled. #Sandy More info: http://t.co/lYJ7xUrB,Hurricane,information dissemination,update
221935247,First time since 1888 stock market closing for bad weather #Sandy,Hurricane,information dissemination,update
221935248,"Share your thoughts: Do you think it's a """"taste issue"""" for #NYCM to go on despite #Sandy devastation? http://t.co/ROfrk2SL @fitnessmagazine",Hurricane,empathy,emotion
221935250,youtube is currently broken all google employees got swept by hurricane sandy - will upload tomorrow instead,Hurricane,information dissemination,destruction
221935252,#Sandy: conditions in NYC look quite peaceful with a bit of rain and wind and some problems. No dangerÃÂ¤ÃÂ³_ At least Manhattan centreÃÂ¤ÃÂ³_,Hurricane,information dissemination,update
221935253,RT @mpoppel: BREAKING -- About 6200 customers without power in NJ due to #Sandy; up from 2100: http://t.co/96ZIR3o5,Hurricane,safety,update
221935255,Two Children Killed By Fallen Tree During Hurricane Sandy ÃÂ¤ÃÂ³ÃÂ® So Sad http://t.co/7VSqFj7o,Hurricane,empathy,emotion
221935257,Some dramatic photos of storm damage: http://t.co/9rznNcKy,Hurricane,information dissemination,update
221935258,Hurricane sandy isn't something to joke about it's real,Hurricane,information dissemination,emotion
221935259,Emotional Care for Children in a Disaster - tips for parents #SANDY #frankenstorm http://t.co/jajcsDqi #DT @operationSAFE,Hurricane,empathy,emotion
221935261,@FriendshipCirc is closed today & tomorrow. Due to #Hurricane Sandy. Everyone stay safe and keeps your kiddies close,Hurricane,safety,well wishes
221935262,Emergency Shelters for #Sandy are still in need of help- and will be for a few days. Lend a hand: Volunteer. http://t.co/hWMtdcQk,Hurricane,safety,relief assistance
221935263,Hurricane Sandy #NYC http://t.co/9wvyhitC,Hurricane,information dissemination,update
221935264,Obama lands in Atlantic City New Jersey to observe #Sandy damage -ABC,Hurricane,information dissemination,update
221935266,New York has become a #ghosttown - http://t.co/hsmsAJP2 | #sandy,Hurricane,information dissemination,update
221935267,Latest death toll from #Sandy is 94 overall including 26 in the U.S. http://t.co/0aJUD1SS,Hurricane,die,intensity
221935268,Romney and other Republican dolts will laugh. But Sandy shows there IS a need to heal the planet. http://t.co/3DaVgTx6 via @dailykos,Hurricane,information dissemination,emotion
221935269,@JimNorton you better hope that hurricane #sandy is just normal rain because if it's Monster Rain you are gonna be a busy guy.,Hurricane,information dissemination,well wishes
221935270,Maybe I should be a storm chaser because I'm pumped for hurricane sandy #somethingexciting,Hurricane,empathy,emotion
221935271,Breathtaking view of #Sandy from space.. On the ground places like Atlantic City in a flood zone -&gt; 1 to 5 ft water depths reported!,Hurricane,damage,destruction
221935272,#Sandy - jetskier down Battery Park #NYC #newyorkcity vid soon youtube - OpieRadio http://t.co/wRmvMA5m,Hurricane,information dissemination,update
221935275,If in immediate need of shelter please visit http://t.co/Pgxt83by to locate your nearest options. #shelter #Sandy,Hurricane,safety,relief assistance
221935276,Fuck I can't believe this is happening in NYC. Such a beautiful city. Fuck you #Sandy!,Hurricane,empathy,emotion
221935277,The four zoos in NYC say not a single animal was injured in #Sandy (via @LaraSpencer) ^L,Hurricane,information dissemination,intensity
221935278,Watch this amazing Hurricane Sandy time-lapse video that shows the moment the lights went out in NYC: http://t.co/QDfCfmgD,Hurricane,information dissemination,update
221935279,NYC firefighters look up at a collapsed crane dangling from a building | http://t.co/8abQk4SC #Sandy,Hurricane,information dissemination,rescue support
221935280,I just saw a picture of hurricane sandy! I agree with @justinbieber be safe I'm here if you need me I love you all!,Hurricane,empathy,well wishes
221935281,WOW! Just viewed some incredible pics of #Sandy in NYC! I pray for everyone's safety!,Hurricane,empathy,well wishes
221935282,JFK Newark airports reopen on limited operational schedule after #Sandy http://t.co/lzW7vRB2 &gt; LaGuardia still closed #NYC,Hurricane,damage,update
221935283,RT @AP: AP Video: In New Jersey #Sandy destroyed several blocks of Atlantic City's world-famous boardwalk: http://t.co/TErK4JVK -RAS,Hurricane,damage,intensity
221935284,surge tapering off looks like around 8 feet at Battery as approach high tide - for NYC Sandy not big event http://t.co/HJscVCTl,Hurricane,information dissemination,intensity
221935285,Telling RT @JonahNRO: Obama in Situation Room for #Sandy. Similar photo for #Benghazi unavailable. http://t.co/LIYF39LQ,Hurricane,information dissemination,update
221935286,@Real_Liam_Payne liam!!! have you heard about hurricane sandy??? im in the middle of it and im really worried!!:( pray for me&lt;333 xx ne,Hurricane,empathy,well wishes
221935288,NOOOOOOOO!!!! Tonights show in NYC has had to be postponed #sandy may have won today but us #ritabots will conquer the future,Hurricane,information dissemination,update
221935290,Wow the satalite images and shots coming out of NYC are really scary. #StaySafe #Sandy,Hurricane,empathy,emotion
221935291,Dear @AP people died from #Sandy in places other than the USA.,Hurricane,humanitarian assistance,emotion
221935293,Hurricane Sandy is the beginning of the end #2012 #goodbyeworld,Hurricane,information dissemination,emotion
221935294,48 people confirmed dead so far from Hurricane Sandy hope no more die,Hurricane,casualty,intensity
221935295,2 deaths in New Jersey 1 in Connecticut 1 in West Virginia 1 off NC coast in addition to 5 deaths in NY because of #Sandy,Hurricane,die,intensity
221935296,LIVE NOW: the Mayor is updating New Yorkers on #Sandy: http://t.co/1y3SaPsl,Hurricane,information dissemination,update
221935297,Obama advierte que la crisis provocada por Sandy no terminÃÂ­_,Hurricane,information dissemination,emotion
221935298,Mayor Bloomberg: The 76 shelters we opened will remain open today. #Sandy #NYC,Hurricane,safety,relief assistance
221935299,If #Sandy causes major damage FEMA stands ready to deliver Soy Lattes to NYC's Upper West Side.,Hurricane,humanitarian assistance,relief assistance
221935301,Talking about hurricane sandy in science east coast rushers please stay safe &lt;3,Hurricane,safety,well wishes
221935303,"Tuesday Ratings: """"The Voice"""" beats down ABC FOX comedies - http://t.co/wtSmKOSn",Hurricane,information dissemination,update
221935305,Wonderful story in @globeandmail about a #yorku grad student making a difference. #sandy #yorkpride #cdnpse http://t.co/3JJIV9nJ,Hurricane,empathy,emotion
221935306,9 states along Mid-Atlantic coast declare state of emergency-info&updates here + evac zone maps/guides for #NYC http://t.co/xuL3kt1a #Sandy,Hurricane,information dissemination,recovery support
221935307,"DIS BITCH WAS LIKE ""I'M DYING AT HURRICANE SANDY TWEETS"" AND I'M LIKE YOU ABOUT TO BE DYIN IN REAL LIFE HOE.",Hurricane,empathy,emotion
221935309,"How did my mind go from """"PR"""" and """"Sandy"""" to """"Pecan Sandies""""? Good grief.",Hurricane,empathy,emotion
221935310,Mayor Bloomberg holding press conference LIVE now on #Sandy aftermath.,Hurricane,information dissemination,update
221935311,I hope everyone is staying safe! For University updates check out @northeastern. I'll post HA updates as soon as they come in! #sandy,Hurricane,safety,well wishes
221935312,Ppl in #RedHook need candles batteries flashlights food. Stores here out. Bring them here: 767 Hicks st. http://t.co/HVw5JZSR #sandy,Hurricane,communication,relief assistance
221935313,Sandy fury kills in NY. Hmm balasan tuhan kot sbb the 'innocence of muslims',Hurricane,information dissemination,intensity
221935316,@RogerPielkeJr Really? Sandy confirmed NYC not equipped to deal with storm surges accompanying stronger storms higher sea level.,Hurricane,information dissemination,update
221935317,Just heard such devastating stories about what hurricane Sandy did to my family Ny & Nj. My prayers and thoughts are with u all stay safe.X,Hurricane,empathy,well wishes
221935318,Eery images from the empty #NYC subways - http://t.co/fPNelP3M #sandy,Hurricane,information dissemination,update
221935319,Lower Manhattan is eerily pitch black. It's like when Ray knocked that line out and the power went down in Ghostbusters II. #nyc #sandy,Hurricane,information dissemination,update
221935320,NYC firefighters look up at a collapsed crane dangling from a building | http://t.co/8abQk4SC #Sandy,Hurricane,information dissemination,rescue support
221935321,Heftig.... #sandy RT @frischkopp: Wahnsinn! The Most Shocking Photos After the Devastation of Hurricane Sandy http://t.co/Xw5m59H8,Hurricane,empathy,emotion
221935323,Lots of trees down in our nabe but no serious damage I've yet seen. Jackson Heights QNS #nyc #sandy http://t.co/pUiWapd0,Hurricane,information dissemination,intensity
221935324,I think for all of us on the East Coast Hurricane #Sandy is a perfect excuse for everyone to fill a stadium and bake it out.,Hurricane,information dissemination,emotion
221935325,Destruction everywhere like my ex on her period #hurricane #storm #nyc #ny #brooklyn #sandy #beer #drunk #Im http://t.co/pakR05N6,Hurricane,information dissemination,emotion
221935326,Double Rainbow Shines in NYC After Superstorm Sandy http://t.co/K7s2Zwro via @mashable,Hurricane,information dissemination,intensity
221935327,Tomb guards. Incredible. #Sandy http://t.co/DVgyNwhp,Hurricane,empathy,emotion
221935330,Heads up - the Spring and Winter scholarship application deadline has been extended to Nov. 1st. http://t.co/Djzq18Yu,Hurricane,communication,relief assistance
221935332,.@MikeBloomberg: 47000 customers have lost power in NYC mainly in Queens and Staten Island. #Sandy,Hurricane,safety,intensity
221935333,"Head of FEMA on hurricane Sandy: ""I want people to be safe."" // Mitt Romney on FEMA: I want it shut down.",Hurricane,safety,well wishes
221935334,@kelscandy I soo would but Sandy's going a little cray right now :(,Hurricane,empathy,emotion
221935335,Sandy casualty #frankenstorm #nyc #westvillage http://t.co/gy9s6nwW,Hurricane,information dissemination,intensity
221935336,If people choose to ignore professional advice on Hurricane Sandy then I have absolutely no sympathy for them because they're clearly idiots,Hurricane,information dissemination,emotion
221935337,Hurricane Sandy don't want none. This is Merica we ain't scared.,Hurricane,information dissemination,emotion
221935339,Obama monitors #Sandy from control room he allowed deaths at Benghazi. Romney is in it actually helping. #tcot #ocra,Hurricane,humanitarian assistance,update
221935340,Remain in your homes while the storm is in progress. Stay away from windows: http://t.co/KQp2f2vX #Sandy #NYC,Hurricane,safety,advice
221935341,Awnings down. #sandy #nyc http://t.co/ILJWG7KR,Hurricane,information dissemination,update
221935343,There will be a Star Wars 7. And people thought Hurricane Sandy was going to be the biggest disaster announced this week.,Hurricane,information dissemination,update
221935345,Hurricane Sandy has ruined my microphone! In the meantime hang out with me at http://t.co/i4aZDWXj,Hurricane,information dissemination,update
221935346,#Cholera update 10/19: 7588 deaths 604045 cases. Over 100 cases in PaP alone each of last 4 days of reporting. Only get worse w/ #sandy.,Hurricane,casualty,intensity
221935347,"This day calls for a little """"Storm Warning"""" by @HunterHayes #favesong #appropriate #sandy",Hurricane,information dissemination,information sharing
221935349,nyc-bound at sfo on @delta. looking forward to getting back; preparing for the aftermath of #sandy,Hurricane,disaster preparedness,well wishes
221935350,NYC mayor press conference now: damages to subway & mass transit likely worst in history of system. Yet NYC depends on mass transit. #Sandy,Hurricane,damage,update
221935352,#Sandy #Updates: Over 13500 flight cancelled and counting due to Hurricane Sandy.. #NYC #NJ http://t.co/yUClpuNt,Hurricane,safety,update
221935353,Wow.. Never seen downtown New York so empty! #ghosttown #sandy http://t.co/dhmg4gwQ,Hurricane,information dissemination,emotion
221935354,Hurricane Sandy Shows We Need To Prepare For Climate Change Cuomo And Bloomberg Say http://t.co/DfDc4rkI via @HuffingtonPost,Hurricane,disaster preparedness,update
221935355,@Real_Liam_Payne Liam- I am sitting in a hotel room in NYC waiting for Hurricane Sandy and can't get back to UK for days please follow :((,Hurricane,empathy,relief assistance
221935356,"NYU cancer research lost in #Sandy flood ""will likely set back scientists' work by years."" http://t.co/8ksFdp8v",Hurricane,information dissemination,update
221935357,Mitt's soup can solution to Sandy. http://t.co/B7ZAiC21,Hurricane,humanitarian assistance,relief assistance
221935358,Romney bought $5k of food for people to ÃÂ¤ÃÂ³ÃÂ¬donateÃÂ¤ÃÂ³ÃÂ back to him at phony ÃÂ¤ÃÂ³ÃÂ¬hurricaneÃÂ¤ÃÂ³ÃÂ rally http://t.co/aqUSQxqo via @AMERICAblog,Hurricane,humanitarian assistance,relief assistance
221935359,University prepares for Hurricane Sandy http://t.co/9sN6Ia8L,Hurricane,disaster preparedness,update
221935360,It's eerie to see NYC so desolate no? http://t.co/GrdD38zU,Hurricane,empathy,emotion
221935362,Mom: Are flights being cancelled due to Sandy? Dad: Some Mom: So where are the others flying? Dad: In the air of course. :),Hurricane,safety,update
221935363,I swear that photo people are saying is hurricane sandy hitting nyc is actually from the day after tomorrow hahahahaha,Hurricane,information dissemination,update
221935364,If #Sandy causes major damage FEMA stands ready to deliver Soy Lattes to NYC's Upper West Side.,Hurricane,humanitarian assistance,relief assistance
221935365,Crane on 57 street collapsed. So dangerous! #NYC #Hurricane #Sandy http://t.co/s6T3oHtR,Hurricane,damage,intensity
221935366,Everyone in NYC and surrounding areas BE SAFE!!! Praying for you all #Sandy,Hurricane,spiritual,well wishes
221935367,MItt Romney says Sandy destruction is horrible proposes privatizing the weather.,Hurricane,empathy,emotion
221935369,I wonder if Evan Almighty is on because of Hurricane Sandy,Hurricane,information dissemination,update
221935370,The time for evacuation is over. Conditions are dangerous and will get worse. Please stay where you are #Sandy #NYC http://t.co/KQp2f2vX,Hurricane,safety,helpline
221935371,If in immediate need of shelter please visit http://t.co/Pgxt83by to locate your nearest options. #shelter #Sandy,Hurricane,safety,relief assistance
221935373,Let the #Blackouts begin. Hope you are all safe and sound my fellow #NYC folks. Please make this quick #Sandy,Hurricane,safety,well wishes
221935374,Just now outside my window huge tree branch falls on moving NYC taxi with passengers. Everyone ok. #ireport #sandy http ...,Hurricane,information dissemination,well wishes
221935375,#NYC last night was eerily dark because of #sandy http://t.co/WILdwpbf,Hurricane,information dissemination,update
221935376,Anyone on the road after 3 PM and not in an emergency will receive a ticket. #Sandy,Hurricane,communication,flight status
221935377,Hurricane shelter at Brooklyn Tech (Ft. Greene) need PM volunteers & towels. 475 evac'd hosp patients contact me for info #Sandy #plsRT,Hurricane,safety,relief assistance
221935378,Wind is starting to pick up lights just flickered off and then on again after we heard a big thud! #Cranford #NJ #Sandy,Hurricane,information dissemination,update
221935379,An inside look at NYU hospital's near disaster amid #Sandy by @DrLaPook http://t.co/DkPjVctS,Hurricane,information dissemination,update
221935380,Empty streets of Soho NYC by @xhank. http://t.co/pQxgRVG1 #sandy,Hurricane,information dissemination,update
221935381,...FLOODING POSSIBLE FROM REMNANTS OF HURRICANE SANDY... .THE REMNANTS OF HURRICANE SANDY WILL LINGER OVER CENTRAL PENN http://t.co/NDA9XSgt,Hurricane,information dissemination,update
221935382,#Blackouts affect 500K as #Hurricane #Sandy #Reach in 1hr the #EastCoast | http://t.co/d2DxFlY0| #Virginia #Main #Storm #NYC #NY #NJ #Boston,Hurricane,damage,intensity
221935383,Be safe all #sandy,Hurricane,safety,well wishes
221935386,Listened to New York radio this morning. Apparently the locations in every Billy Joel and Bruce Springsteen song are flooded. #Sandy,Hurricane,information dissemination,update
221935390,@HSMPress Lost one you really are a sadist! Now you celebrate #Sandy devastation in US.,Hurricane,empathy,emotion
221935392,BREAKING: At 7 PM all four East River bridges will shut down: Brooklyn Manhattan Williamsburg and Ed Koch Queensboro Bridges. #Sandy,Hurricane,damage,update
221935393,I am praying for all affected by Hurricane Sandy both two and four legged and especially those homeless ones.,Hurricane,spiritual,well wishes
221935394,Sandy Ima let you finish but Irene was one of the craziest storms of all time!,Hurricane,information dissemination,emotion
221935395,NYC Mayor Bloomberg: Avoid using elevators in buildings use stairs instead. Stay away from windows close drapes. #Sandy,Hurricane,humanitarian assistance,advice
221935396,HURRICANE SANDY KNOCKED MY POWER OUT BUT IM STILL GOING HARD YOU CAN'T STOP THE TRILL. OVER AND OUT!,Hurricane,empathy,emotion
221935397,LIVE: US President @barackobama arrives in Atlantic City New Jersey to inspect damage caused by#Sandy http://t.co/H9FXzHLQ,Hurricane,information dissemination,update
221935398,New York City never sleeps.... #hurricance #sandy #nyc http://t.co/pULOJI05,Hurricane,information dissemination,emotion
221935399,#fb wouldn't do this RT @johncthompson: Twitter Gives Away Promoted Crisis Tweets to Red Cross FEMA http://t.co/TmpEaMkO via @zite,Hurricane,information dissemination,relief assistance
221935400,#JFK airport in #NYC now gusting to 71 mph - the highest observed gusts so far in NYC during #Sandy.,Hurricane,information dissemination,intensity
221935401,EVERYONE IN THE PATH OF SANDY DONT LET HER STOMP YOU TO THE GROUND STAY SAFE USE CONDOMS,Hurricane,communication,advice
221935402,Wow! RT @AlexJamesFitz: RT @weeddude: Photo: View of crane on W 57th street through a telescope http://t.co/E46e2sSi (@cmwdotme) #NYC #Sandy,Hurricane,information dissemination,update
221935404,This is...unreal. Essentially the only building with power in #NYC right now is the Empire State Building. #Sandy http://t.co/ScVhG8qH,Hurricane,information dissemination,update
221935405,WireUpdate U.S. stock markets to reopen Wednesday after Sandy kills 43: NEW YORK CITY (BNO NEWS) -- Major stock ... http://t.co/yxzFVqlP,Hurricane,information dissemination,update
221935406,@_xoMalese I'm praying for all people from hurricane sandy.... Plz make them safe from getting injured.. Amen.,Hurricane,spiritual,well wishes
221935407,At least 50 U.S. deaths now linked to #Sandy -- among a total of 118 worldwide. http://t.co/W3BSwLBL,Hurricane,die,intensity
221935410,Fuck I can't believe this is happening in NYC. Such a beautiful city. Fuck you #Sandy!,Hurricane,empathy,emotion
221935411,MT @jsjohnst: #flood Cop car in the middle of street has water up over the bottom of the car. #loc Avenue C & 23rd Street #Sandy #nyc,Hurricane,damage,destruction
221935412,#Sandy In #Haiti 54 confirmed deaths were reported 20 injured and 20 missing http://t.co/Kbe1Jp7o cc: @pahodisasters,Hurricane,casualty,intensity
221935414,Gov. Cuomo has directed the Port Authority and the MTA to close NYC bridges at 7:00 PM http://t.co/ViLRqyQU #Sandy,Hurricane,information dissemination,rescue support
221935415,A boat rests on the tracks at NY's Metro-North's Ossining Station on the Hudson Line (Photo via MTA) #Sandy http://t.co/XYY7ySwC,Hurricane,information dissemination,update
221935416,Hope everybody's staying safe on the East coast #sandy ÃÂ¤ÃÂ_,Hurricane,empathy,well wishes
221935417,I know I don't live in USA but i'm praying for everyone in the path of Sandy _ÃÂ´ÃÂÃâ,Hurricane,spiritual,well wishes
221935418,FOR EVERY 100 RETWEETS WE WILL BE DONATING $1000 TO HELP REBUILT COMMUNITIES DAMAGED BY HURRICANE SANDY. PLEASE RETWEET!!!,Hurricane,humanitarian assistance,relief assistance
221935419,#tvduk Always desired this kind of... http://t.co/KQbOxaQb,Hurricane,empathy,emotion
221935421,"ConEd CEO on #Sandy: ""There is a significant chance of flooding throughout NYC""",Hurricane,information dissemination,update
221935423,NYC ALERT: ALL evacuation shelters are pet friendly - don't leave your pets behind! http://t.co/Xs6MngZp #SANDY #sandypets,Hurricane,safety,relief assistance
221935424,Biggest outage clusters get repaired first. Smaller clusters to follow. #Westchester #NYC #Sandy #ConEdison,Hurricane,information dissemination,update
221935426,Sandy will keep stock markets closed a second day Tuesday. First time for that since 1888. http://t.co/bOV5hf43,Hurricane,information dissemination,update
221935428,RT @achorowitz: 630-1030 PM will be the worst of the storm in NYC says Bloomberg #nyc #sandy,Hurricane,information dissemination,update
221935429,So bored I hate storms that keep you cooped up inside! #sandy,Hurricane,empathy,emotion
221935430,NYC Mayor Bloomberg: ConEd may shut down power in southern Brooklyn and lower Manhattan. #Sandy,Hurricane,damage,update
221935433,#IFWT Experts Say 8 O'Clock Is When Hurricane Sandy Unleashes Her Fury On NYC - http://t.co/TQSYfNah,Hurricane,information dissemination,update
221935434,"Cranked the National Anthem and climbed on my roof. Pointed to the sky crotch chopped and yelled ""Suck it Sandy. These colors don't run.""",Hurricane,information dissemination,emotion
221935435,This is...unreal. Essentially the only building with power in #NYC right now is the Empire State Building. #Sandy http://t.co/ScVhG8qH,Hurricane,information dissemination,update
221935436,Sandy: More than/or 54 people died. (USA). International crisis. Nargis: More than 80.000 people died. (Burma). No one cares.,Hurricane,information dissemination,intensity
221935437,Personal watercraft in New York Harbor as Hurricane Sandy approaches NYC http://t.co/SREonVoW http://t.co/AQdhOr0G,Hurricane,information dissemination,update
221935438,Hurricane Sandy(bergen).,Hurricane,information dissemination,update
221935439,Times Square in #NYC has been abandoned because of hurricane #Sandy. The lights are still shining though. http://t.co/t88apVoO,Hurricane,information dissemination,rescue support
221935440,PRAYER GO OUT TO EVERYONE THAT IS IN THE PATH OF HURRICANE SANDY._ÃÂ´ÃÂ»ÃÂ_ÃÂ´ÃÂ»ÃÂ_ÃÂ´ÃÂ»ÃÂ_ÃÂ´ÃÂ»ÃÂ,Hurricane,spiritual,well wishes
221935441,New York City never sleeps.... #hurricance #sandy #nyc http://t.co/pULOJI05,Hurricane,information dissemination,emotion
221935442,Morgan meets Hurricane Sandy with a smile. #brooklyn #stormportrait #nyc http://t.co/rLi1llvr,Hurricane,information dissemination,emotion
221935443,Possibly one of the most amazing things I've ever seen. #TombOfTheUnknownSoldier #Sandy http://t.co/MiGmwQRs,Hurricane,empathy,emotion
221935444,UPDATE: Construction crane collapses in midtown Manhattan as #HurricaneSandy roars into NYC http://t.co/VR4ul19o #Sandy,Hurricane,damage,intensity
221935445,Slightly upset there won't be a new episode of @gossipgirl due to hurricane Sandy. #pgp,Hurricane,information dissemination,emotion
221935447,@ShaynaShinault hope NYC is still there after Sandy rips thru!,Hurricane,empathy,well wishes
221935448,Tracking Sandy and problems on the East Coast. The Takeaway live from NYC is next on http://t.co/1ix2orJh & 90.7fm,Hurricane,information dissemination,update
221935449,NYC Mayor Bloomberg: ConEd may shut down power in southern Brooklyn and lower Manhattan. #Sandy,Hurricane,damage,update
221935450,ÃÂ¤ÃâÃÂ³ Sandy has left alot of devastation please join me in #prayer for all those in need and impacted by #Sandy ~Patrica GrabowÃÂ¤ÃÅ¡_ #Friend,Hurricane,spiritual,well wishes
221935451,I hear #Sandy making ghost-like whispers and zombie moves. #Shivers #Superstorm #NYC #TreesFalling,Hurricane,empathy,emotion
221935452,Mortgage servicers don't need approval from @fanniemae to grant disaster relief forbearance http://t.co/LeyrkpRO #Sandy,Hurricane,humanitarian assistance,relief assistance
221935455,Still unbelievable RT @RyanNewYork: Wow from Hell's Kitchen - the entire front of this building fell off! http://t.co/1lUZ5lAj #nyc #sandy,Hurricane,information dissemination,emotion
221935457,Obama lands in Atlantic City New Jersey to observe #Sandy damage -ABC,Hurricane,information dissemination,update
221935459,Reader Photos Show Hurricane Sandy's Effects So Far http://t.co/RpZrXIUT,Hurricane,information dissemination,update
221935460,Here's a round-up of volunteer opportunities throughout NYC - http://t.co/3LPRcgTe #sandy #sandyvolunteer #sandyaid,Hurricane,humanitarian assistance,relief assistance
221935461,Sandy is outside Bow crib. She's here #NYC http://t.co/VJ1Mhs8T,Hurricane,information dissemination,update
221935462,Does the broken NYC crane have a Twitter account yet? #Sandy,Hurricane,inquiry,humour
221935463,Praying for the safety of those in the path of Hurricane Sandy,Hurricane,spiritual,well wishes
221935464,Alternate side parking and meter regulations are suspended citywide tomorrow. #Sandy,Hurricane,information dissemination,rescue support
221935467,Omg hurricane Sandy can't be tamed,Hurricane,information dissemination,emotion
221935468,NYC firefighters look up at a collapsed crane dangling from a building | http://t.co/8abQk4SC #Sandy,Hurricane,information dissemination,rescue support
221935469,HMS Bounty Crew Member confirmed dead. Body Recovered by US Coast Guard. #sandy http://t.co/ajrF6sC6,Hurricane,safety,rescue support
221935470,#Sandy finally found a way to shut down Wall street without mass arrests #OWS take note. ;-),Hurricane,communication,update
221935471,NYC firefighters look up at a collapsed crane dangling from a building | http://t.co/8abQk4SC #Sandy,Hurricane,information dissemination,rescue support
221935472,Been serious now and praying for everyone to be safe and not in any danger of #sandy #NYC,Hurricane,spiritual,well wishes
221935473,Sandy is affecting millions on the East Coast. Tweet what you can see from your window to #SandyReports,Hurricane,information dissemination,update
221935474,UPDATE: At least 33 deaths blamed on Sandy: Superstorm Sandy winds down leaving 33 people dead and more than 7... http://t.co/8XXEKkNT,Hurricane,die,intensity
221935477,Absolutely heartbreaking MT@nytimes: @ least 39 people have died due 2 Hurricane Sandy. Here are a few of their stories.http://t.co/jN7NJhbk,Hurricane,die,emotion
221935478,Real time instagram pics of the #Sandy happenings in NYC ! http://t.co/wd2zww1M via @konbini,Hurricane,information dissemination,update
221935479,RT @mrspantsworth: Statue of Liberty Torchcam - gives you some idea of the force of #sandy http://t.co/eofIJ7Fe,Hurricane,information dissemination,update
221935480,The most severe part of the storm is now beginning-Mayor Bloomberg. NYC #Sandy,Hurricane,information dissemination,update
221935481,@Real_Liam_Payne help me get through hurricane sandy by following me &lt;3r,Hurricane,empathy,relief assistance
221935482,Howard Beach @ 6pm. #Sandy #flood #hurricane #nyc http://t.co/6jwYLif1,Hurricane,information dissemination,update
221935483,JUST IN: Nearly 300000 customers are WITHOUT power in 7 states where Hurricane #Sandy is having an impact. NJ has the most at 92000.,Hurricane,safety,intensity
221935484,On the news it says Cumberland is going to get it hard tonight by Sandy!!,Hurricane,information dissemination,update
221935485,NYC firefighters look up at a collapsed crane dangling from a building | http://t.co/8abQk4SC #Sandy,Hurricane,information dissemination,rescue support
221935486,@only1sheetz wow beautiful house/future pile of toothpicks #Sandy,Hurricane,information dissemination,emotion
221935487,Wow! #HurricaneSandy #sandy #NYC http://t.co/0gAD1noM,Hurricane,information dissemination,emotion
221935488,Hurricane Sandy or else Frankestorm heading toward NYC http://t.co/OPLYDC2D,Hurricane,information dissemination,extension
221935489,@NewYorkPost: New York City never sleeps.... #hurricance #sandy #nyc http://t.co/B9BiLs8x empty streets in the concrete jungle!,Hurricane,information dissemination,emotion
221935490,Anyone looking for a local NYC guy tweeting #Sandy updates and pictures I highly recommend my buddy @WanderngAramean. Stay safe Seth! :-),Hurricane,safety,rescue support
221935491,Carole Vordeman looks like she's broadcasting live from Hurricane Sandy. #prideofbritain,Hurricane,information dissemination,update
221935493,"Mayor Bloomberg: ""Please use 311 for downed trees and flooding not 911."" #Sandy #NYC",Hurricane,communication,emergency response
221935494,While you're home (having one) with food warmth light a bed & able to be comfortable think about these people & be grateful. Smh #Sandy,Hurricane,empathy,emotion
221935495,NYC as #Sandy forces her way into your harbor dont fight just lie back & enjoy. Its God's will. - Richard Mourdock probably,Hurricane,empathy,well wishes
221935496,How A Facebook Page Prepared A Region For Hurricane Sandy And What That Teaches About Social Media: Today is st... http://t.co/qkRdL1PJ,Hurricane,disaster preparedness,update
221935497,@NewYorkPost: New York City never sleeps.... #hurricance #sandy #nyc http://t.co/mNjFbIQ0,Hurricane,information dissemination,emotion
221935498,WOW can't believe sharks are swimming the streets/yard of NYC/New Jersey. ScaryÃâÃâ¹ÃËÃâÃâ¹ÃË keep yourselves safe guys #Sandy http://t.co/pjHbb2v9,Hurricane,empathy,emotion
221935499,#OccupyWallStreet's response to Hurricane Sandy: http://t.co/Wk1looZX,Hurricane,information dissemination,emotion
221935501,18000 Families Homeless In Haiti After Hurricane Sandy http://t.co/qxkU8tdH,Hurricane,safety,relief assistance
221935502,Obama monitors #Sandy from control room he allowed deaths at Benghazi. Romney is in it actually helping. #tcot #ocra,Hurricane,humanitarian assistance,update
221935503,New York's #JFK and #Newark Liberty airports reopen after two days of cancellations. La Guardia remains closed http://t.co/3yLWVeam #Sandy,Hurricane,damage,rescue support
221935504,RT @cnn: More than 765000 power outages so far due to Hurricane Sandy. Latest info on @CNN TV and our live blog: http://t.co/OkHC8ssW,Hurricane,safety,update
221935506,uh oh hurricane sandy is hitting,Hurricane,information dissemination,update
221935507,NYC ALERT: All pets are accepted on the subway taxi and trains during evacuation. #Sandy #SandyPets,Hurricane,damage,relief assistance
221935508,NYC Mayor Bloomberg is offering an update on the city's response to #Sandy. You can tune in here: http://t.co/QWZpbEhv,Hurricane,news,update
221935509,NYCÃÂ¤ÃÂ³ÃÂ»ers w/phone network overload or no Internet can text QÃÂ¤ÃÂ³ÃÂ»s to 311692 for info or help. #Sandy Please RT,Hurricane,communication,emergency response
221935511,Hurricane Sandy don't want none. This is Merica we ain't scared.,Hurricane,information dissemination,emotion
221935512,Info on #MGH staff who have deployed to NYC in response to hurricane #Sandy: http://t.co/CoNcGOvL,Hurricane,safety,recovery support
221935513,MT @ZaidaGrunes: #ParkSlope #Brooklyn Huge Downed Tree taken by @jayobey93 #Sandy #Frankenstorm #NYC @DNAinfo http://t.co/uzZQe1Ee,Hurricane,information dissemination,update
221935514,Just interviewed a storm chaser who says this is the worst storm in 100 years. Says the next 72 hours in NYC especially will be chaos #Sandy,Hurricane,damage,update
221935515,MTA chairman: There are 7 subway tunnels that connect Manhattan to Brooklyn & Queens those 7 are flooded #nyc #Sandy,Hurricane,damage,destruction
221935517,Couple of NYC photos from Reddit showing the effects of Sandy so far - http://t.co/kLeV3Zod NYC Subway Station,Hurricane,information dissemination,update
221935518,@trudy111 Thanks. There were some fatalities so we were lucky. They had to evacuate a major medical center in NYC due to Sandy.,Hurricane,safety,well wishes
221935522,@CodySimpson did u know that Canada hasn't had a hurricane since the 1950's or 1960's and we might get a bit of hurricane sandy,Hurricane,information dissemination,update
221935523,Both #FoolHQ and the market will reopen tomorrow. Meanwhile our thoughts are with Sandy's victims and those still flooded or in the dark.,Hurricane,empathy,well wishes
221935524,LIVE VIDEO: NYC Mayor Michael Bloomberg updates residents on Hurricane #Sandy http://t.co/XtzsBslf,Hurricane,news,update
221935525,I wish people would take this Hurricane Sandy seriously. It's caused deaths and still people make fun of it. This is serious.,Hurricane,empathy,emotion
221935526,Unbelievable. #sandy #frankenstorm #nyc http://t.co/n4kUwJEF,Hurricane,empathy,emotion
221935527,Pictures of the empty Times Square are really unique! #NYC #Sandy,Hurricane,information dissemination,update
221935529,Speechless and Honored! Tomb of the Unknowns during #Sandy. http://t.co/A5iFOT8P http://t.co/rZSOvggZ,Hurricane,empathy,emotion
221935530,#Sandy - jetskier down Battery Park #NYC #newyorkcity vid soon youtube - OpieRadio http://t.co/wRmvMA5m,Hurricane,information dissemination,update
221935532,Wow. Stay safe east coasters RT ÃÂ¤ÃÂ³ÃÂ¬@NZStuff: Millions wake to destruction in Sandy's aftermath http://t.co/TzzmMiArÃÂ¤ÃÂ³ÃÂ,Hurricane,empathy,well wishes
221935533,Water and ice distribution locations for Met-Ed customers who lost power as a result of Hurricane Sandy: http://t.co/4losm4IT,Hurricane,safety,relief assistance
221935534,Spare a thought for my son & all the other kids who won't have #Halloween tonight due to #Sandy. Should we re-schedule? #SpookyThanksgiving,Hurricane,empathy,well wishes
221935535,Man I can't take this wind no more! Sandy need to gone bout her business,Hurricane,empathy,emotion
221935536,Sandy Wallops Obama Romney Plans http://t.co/9efFR6sz (via @ABC),Hurricane,information dissemination,update
221935537,ÃÂ¤ÃÂ³ÃÂ¬@DaveKrumholtz: So time starts now 1 hr $10 a question ask away help me raise money for Sandy victims! GO!!!! Ask me something!!!!ÃÂ¤ÃÂ³ÃÂ,Hurricane,humanitarian assistance,relief assistance
221935538,"#USA Less people """"left in the dark"""" after #Sandy than before http://t.co/6Xq7qW79 #miracle",Hurricane,safety,emotion
221935540,.@NYGovCuomo orders closing of NYC bridges. Only Staten Island bridges unaffected at this time. Bridges must close by 7pm. #Sandy #NYC,Hurricane,damage,update
221935542,Created a timelapse of hurricane #Sandy passing through 42nd & 10th New York http://t.co/N188sBX0,Hurricane,information dissemination,update
221935544,NYC closing bridges and tunnels at 7pm #Sandy,Hurricane,damage,rescue support
221935546,EE.UU.: 7 estados en alerta ante la llegada del huracÃÂ­ÃÂ§n Sandy http://t.co/jwv7J7bM,Hurricane,information dissemination,intensity
221935547,Door to our roof was ripped off its hinges. Super is already fixing it! #nyc #Sandy http://t.co/nIfEPDip,Hurricane,damage,destruction
221935549,#Prayers 'Unthinkable devastation' Sandy causes at least 29 U.S. deaths http://t.co/9p4biw5V,Hurricane,spiritual,well wishes
221935552,#hurricane #sandy #nyc http://t.co/Ksdy2EiD,Hurricane,information dissemination,update
221935553,RT If in immediate need of shelter please visit http://t.co/rn0Sku35 ÃÂ¤ÃÂ³_ to locate your nearest options. #shelter #Sandy,Hurricane,safety,relief assistance
221935554,What does Snooki and Hurricane #Sandy have in common? They will blow the entire East Coast to get on tv.,Hurricane,information dissemination,emotion
221935555,@Real_Liam_Payne if you see this follow me but also be worried about your directioners in the USA in the way of Hurricane Sandy,Hurricane,empathy,update
221935557,NYC is a disaster. Nothing like this since 9-11. Subways will be shut down for days. What a nightmare. Thanks for nothing #Sandy.,Hurricane,damage,well wishes
221935558,Nice RT @Slate Awesome interactive #Sandy map from Google pinpointing emergency shelter traffic conditions and more: http://t.co/8QvR3C6u,Hurricane,information dissemination,recovery support
221935559,Barack Obama to visit New Jersey after Superstorm Sandy kills 50 people and causes $20billion worth of damage http://t.co/6jnSsJFs,Hurricane,die,update
221935560,Driving in this is no joke this _ÃÂ´ÃÂ»Ãâ  #Sandy,Hurricane,information dissemination,emotion
221935561,TotallyCoolPix: The Hurricane Sandy Aftermath: She came she saw she destroyed. Hurricane Sandy came ashore las... http://t.co/Rl978fwW,Hurricane,information dissemination,update
221935563,Mayor Bloomberg: Over 1000 reports of downed trees and other problems with debris in #NYC. #Sandy,Hurricane,damage,update
221935565,God bless u if you are safe in your home or in a shelter tonight. I am very lucky and missed the blackout by 2 blocks. #sandy,Hurricane,spiritual,well wishes
221935569,my street is almost starting to flood like by the end of the day #sandy woo :P,Hurricane,damage,update
221935570,Going out in Hurricane Sandy #YOLO http://t.co/fvXCjuIS,Hurricane,information dissemination,well wishes
221935571,#Sandy latest: at least 50 people dead more than 8-million w/o power in 17 states 61000 New Yorkers are staying in shelters.,Hurricane,casualty,intensity
221935572,"Thoughts & prayers to those affected by Hurricane Sandy. Text the word """"Redcross"""" to 90999 to make a $10 donation.",Hurricane,empathy,relief assistance
221935573,The aftermath of hurricane sandy #ohman http://t.co/5wFfXsRH,Hurricane,information dissemination,emotion
221935575,Obama lands in Atlantic City New Jersey to observe #Sandy damage -ABC,Hurricane,information dissemination,update
221935576,A SoCal family won't let #Sandy keep them from getting to Army boot camp graduation: http://t.co/tIerZiCx,Hurricane,empathy,emotion
221935577,All bridges tunnels in NYC closed except for Lincoln Tunnel. #sandyonfox http://t.co/UQ6QYH09,Hurricane,damage,update
221935578,Sandy ti odeio -'- Use God Bless The Carter Family / God Bless NYC .,Hurricane,spiritual,well wishes
221935581,@OllieBrett make sure you're okay in the big NYC lil bro! Hurricane Sandy isn't hitting lightly...,Hurricane,empathy,well wishes
221935582,Storm was most destructive in 108-year history of NYC subway system says MTA chief Lhota. http://t.co/XbvLF31t,Hurricane,information dissemination,update
221935585,.@NYGovCuomo orders closing of NYC bridges. Only Staten Island bridges unaffected at this time. Bridges must close by 7pm. #Sandy #NYC,Hurricane,damage,update
221935587,We've seen some crazy waves & wind here in New Buffalo from Hurricane Sandy. Lost a few cushions & some soffitt... http://t.co/v8SGOHpT,Hurricane,damage,intensity
221935588,New Dramatists will be closed on Tuesday Oct. 30 due to Hurricane Sandy. Hang in there.,Hurricane,information dissemination,closure
221935589,ConEd: Number of NYC-area customers without power is about 68700 and is sure to keep rising http://t.co/MXylkmqu,Hurricane,safety,intensity
221935590,Sandy moves west leaving devastation deaths in its wake: The Atlantic superstorm Sandy churned across Pennsy... http://t.co/jB6x2Zxa,Hurricane,die,update
221935591,There are mandatory evacuations in #Milford in flood zones 1-4. #Sandy,Hurricane,safety,rescue support
221935592,NYC Mayor Bloomberg - More than 20 fires spawned by storm #Sandy,Hurricane,information dissemination,update
221935594,Mayor Bloomberg: Over 1000 reports of downed trees and other problems with debris in #NYC. #Sandy,Hurricane,damage,update
221935595,wind and rain are starting up... SANDY'S COMIN,Hurricane,information dissemination,update
221935599,"Wait for #Irene comparisons or #2012 remarks RT @AlexJamesFitz: Bloomberg: """"The most severe part of the storm is now beginning."""" #nyc #sandy",Hurricane,information dissemination,update
221935600,Yankees to donate $500000 to Hurricane Sandy relief efforts http://t.co/3z6N6e0M,Hurricane,humanitarian assistance,relief assistance
221935601,"Sandy's such a terrifying name for a hurricane """"oh no here comes sandy""""",Hurricane,empathy,emotion
221935603,My home and business have been washed away by hurricane sandy. I will begin to rebuild as soon as Obama is out of office.,Hurricane,damage,destruction
221935604,BLIZZARD WARNINGS IN WEST VIRGINIA ÃÂ¤ÃÂ³ÃÂ® WHILE HURRICANE SANDY THREATENS: http://t.co/suAeqpui,Hurricane,information dissemination,update
221935605,The Hugh Cary Tunnel (Brooklyn-Battery Tunnel) will close at 2 p.m. All other MTA crossings remain open at this time. #Traffic #Sandy,Hurricane,damage,update
221935606,Delta has what seems like a very optimistic plan to resume some NYC flights on Tuesday: http://t.co/A2mjbStn,Hurricane,humanitarian assistance,update
221935607,@CarltonCole1 Carlton can I get a shout out to all the NYC Hammers who rode out hurricane sandy yesterday?,Hurricane,communication,well wishes
221935608,#Sandy hitting NYC: 47000 customers without power in new york city.,Hurricane,safety,intensity
221935609,In sum: http://t.co/jJUy1y8F Stay inside try to relax don't go being macho and running into the water. #Sandy #MayorBloomberg,Hurricane,empathy,emotion
221935611,If any of you Brooklyn Residents were severely impacted by Sandy and need items such as clothes or furniture to... http://t.co/8CN8sUlh,Hurricane,empathy,relief assistance
221935612,Limited train service resuming in NYC after superstorm Sandy - CBS News: National GeographicLimited tra... http://t.co/t1j1hPKO #newyork,Hurricane,damage,update
221935613,More #Sandy impact: Bellevue NYC's flagship public hospital loses power now evacuating 500 patients hospital says.,Hurricane,safety,rescue support
221935614,Update: Crane Collapse... developing... #hurricance #nyc #sandy http://t.co/0jvimS1s,Hurricane,information dissemination,update
221935616,Fake Hurricane Sandy Photos Go Viral http://t.co/wyPjRh10,Hurricane,information dissemination,update
221935617,Hopefully still there and right in Sandy's path RT @ParHedge: Can we get an update on the Occupy Wall Street crowdÃÂ¤ÃÂ³_anyone?,Hurricane,inquiry,update
221935619,36 deaths already from hurricane Sandy so sad. My prayers go out to all the people that were impacted #Sandy #praying,Hurricane,spiritual,well wishes
221935620,NYC ... Live #wow #sandy http://t.co/FAUzMHrY,Hurricane,information dissemination,update
221935621,Fingers crossed for you guys on the US east coast! #NYC #Sandy @freshbooks @harvest @nytimes,Hurricane,empathy,well wishes
221935622,Hurricane Sandy from Space http://t.co/LQflUgKr,Hurricane,information dissemination,update
221935623,I hope Hurricane #Sandy doesnt kill people or damage people's lives! Plz take it easy on #NYC dear Sandy I should b there soon :-S,Hurricane,empathy,well wishes
221935625,Dude jet-skiing on East River. His name is Bodi. #Sandy #NYC #PointBreak,Hurricane,information dissemination,update
221935629,Sandy approaching northeast U.S. http://t.co/cDuyLxA2,Hurricane,information dissemination,extension
221935630,This says a lot. Hurricane Sandy's death toll as viewed by the BBC: http://t.co/UPPLzNNY (via @jackseale),Hurricane,information dissemination,update
221935631,Last night Red Cross opened 112 shelters for #Sandy w/over 3200 people in them. http://t.co/0uk5URJH Support them by texting (contÃÂ¤ÃÂ³_,Hurricane,safety,relief assistance
221935634,While I can verify that the previous photo of the Hurricane Sandy descending upon NYC is a fake (technically not... http://t.co/2rHtMaqB,Hurricane,information dissemination,update
221935636,#US #media When you reports deaths from #Sandy also note the 66 confirmed in the Caribbean phase of the storm.,Hurricane,die,update
221935639,"Hurricane Sandy: Is climate change to blame?: """"New York isn't known for its hurricanes"""" says Will Oremus at Sla... http://t.co/J5FCNgJ5",Hurricane,information dissemination,update
221935640,My prayers are with the victims of Hurricane Sandy especially the 15 dead and the many homeless.... http://t.co/xlHKpCL1,Hurricane,spiritual,well wishes
221935643,In stunning footage filmmaker for NYC's @MTAInsider shows disastrous effects of Sandy on city's transportation system http://t.co/L6l3QiRv,Hurricane,information dissemination,update
221935645,Memorable Sandy photos shared by NYC bystanders from last night http://t.co/NAxcI7Zl h/t @lheron #Sandy,Hurricane,empathy,emotion
221935646,Despite the fact that I'm hibernating because of hurricane sandy and can't go to work till hopefully Wednesday. Lol I still love NYC,Hurricane,information dissemination,emotion
221935647,The wind's really picking up out there ... #sandy #nyc http://t.co/OJaeiNB9,Hurricane,information dissemination,intensity
221935649,NYC firefighters look up at a collapsed crane dangling from a building | http://t.co/8abQk4SC #Sandy,Hurricane,information dissemination,rescue support
221935650,#RedCross Hurricane app can help you recover from #Sandy. Go to the Prepare tab then hit ÃÂ¤ÃÂ³ÃÂ¬AfterÃÂ¤ÃÂ³ÃÂ. http://t.co/fYMpaDYc,Hurricane,disaster preparedness,relief assistance
221935652,"Checking out """"US under """"attack"""" :Sandy kills 39 as National Guard mobilized as"""" on 9jabook: http://t.co/JILvYJHQ",Hurricane,casualty,intensity
221935653,"US under """"attack"""" :Sandy kills 39 as National Guard mobilized as power Shutsdown 11m homes in North East America http://t.co/JILvYJHQ",Hurricane,casualty,intensity
221935654,Crane on 57 street collapsed. So dangerous! #NYC #Hurricane #Sandy http://t.co/s6T3oHtR,Hurricane,damage,intensity
221935655,NYC firefighters look up at a collapsed crane dangling from a building | http://t.co/8abQk4SC #Sandy,Hurricane,information dissemination,rescue support
221935656,NYC firefighters look up at a collapsed crane dangling from a building | http://t.co/8abQk4SC #Sandy,Hurricane,information dissemination,rescue support
221935657,"the Ed Koch bridge is the only one still open prompting questions """"How's he doing?"""" #sandy #nyc",Hurricane,inquiry,update
221935658,If you need a safe place to stay shelter info avail. in #Hurricane app http://t.co/4qNCbnTW & http://t.co/gtQEoxjS. #Sandy,Hurricane,safety,advice
221935662,Sandy not as bad as Yasi in some ways: http://t.co/7LeI6xTL,Hurricane,information dissemination,emotion
221935664,NYC firefighters look up at a collapsed crane dangling from a building | http://t.co/8abQk4SC #Sandy,Hurricane,information dissemination,rescue support
221935665,This @NYTimes graphic of Sandy damage is outstanding. This is what the future of news looks like: http://t.co/byIERmSV,Hurricane,information dissemination,update
221935666,I uploaded a @YouTube video http://t.co/kRWlHaXN MW3 :: Hurricane Sandy | Kill Confirmed,Hurricane,information dissemination,update
221935667,I liked a @YouTube video from @PyroXL http://t.co/kRWlHaXN MW3 :: Hurricane Sandy | Kill Confirmed,Hurricane,information dissemination,update
221935668,Full uninterrupted coverage at http://t.co/RqidCs7W #sandy #sandy nyc,Hurricane,information dissemination,update
221935669,Tempered hurricane #Sandy,Hurricane,information dissemination,update
221935671,Love when i lose power and have to leave my house..#pissedoff #sandyfuckyourself #mary&gt;sandy,Hurricane,empathy,emotion
221935672,Freedom tower in the middle of sandy #frankenstorm. #nyc #sandy #stormking #flood http://t.co/9Nr5OF7C,Hurricane,information dissemination,update
221935673,If hurricane #Sandy is blowing trees so should we.,Hurricane,information dissemination,update
221935674,RT @Cooliokelsang: Hurricane Sandy crossed the line when it canceled the new HIMYM and 2 Broke Girls episodes,Hurricane,information dissemination,update
221935675,Mitt Romney has no shame he's already using #Sandy Storm Victims for Political Gain while President Obama is working hard...,Hurricane,personal matters,emotion
221935676,#Sandy In #Haiti 54 confirmed deaths were reported 20 injured and 20 missing http://t.co/Kbe1Jp7o cc: @pahodisasters,Hurricane,casualty,intensity
221935677,Hope the states affected by #sandy can get back on their feet #peoplehelpingpeople,Hurricane,empathy,well wishes
221935678,#IFWT Experts Say 8 O'Clock Is When Hurricane Sandy Unleashes Her Fury On NYC - http://t.co/jfOwCb5o,Hurricane,information dissemination,update
221935679,#JFK airport in #NYC now gusting to 71 mph - the highest observed gusts so far in NYC during #Sandy.,Hurricane,information dissemination,intensity
221935680,Absurd. Looks like Titanic MT @BloombergTV: What do damaged NYC subways look like inside? WATCH this dramatic footage: http://t.co/5vldTf3m,Hurricane,information dissemination,update
221935681,#dayaftertomorrow #NYC RT @baratunde: Made it across manhattan bridge #frankentunde #sandy #sandy http://t.co/2ffyJqQf,Hurricane,information dissemination,update
221935682,Romney Fake $ 5000 Wall Mart Food for Sandy Relief http://t.co/DnDXRo0D via @PoliticolNews #RomneyCircus #RomneyGreed #LyinRomney,Hurricane,humanitarian assistance,relief assistance
221935683,Sandy is outside Bow crib. She's here #NYC http://t.co/VJ1Mhs8T,Hurricane,information dissemination,update
221935684,What do damaged NYC subways look like inside? WATCH this dramatic MTA footage: http://t.co/7BX9dVx1,Hurricane,information dissemination,update
221935685,Mitt Romney (net worth: $250 million) buys only $5000 dollars in food to aid #Sandy victims. Strangely thats also his FEMA budget. #fail,Hurricane,humanitarian assistance,relief assistance
221935686,Generators and supplies are needed for the #Rockaways #Sandy! #NYC . Big box help needed. #HomeDepot #Lowes #Walmart . Food- Water - Power !,Hurricane,humanitarian assistance,relief assistance
221935687,ÃÂ¤ÃÂ³ÃÂ¬@naugusta: NYC Mayor Bloomberg says most without power in Queens and Staten Island. #SandyÃÂ¤ÃÂ³ÃÂÃÂ¤ÃÂ³ÃÂ #statenisland #nyc #sandyabc7,Hurricane,information dissemination,update
221935688,bldgs on 56 & 57th st bet 6 & 7th aves evacuated due to crane collapse--inc hotel. Staging area set up by police & fire. #sandy #nyc,Hurricane,safety,rescue support
221935689,proper windy today hurricane sandy must be strong to feel the backlash here. them cold dark winter nights are here,Hurricane,information dissemination,update
221935690,hurricane sandy so far from my nyc kitchen window 2:00-4:30 PM http://t.co/EYC9N4x0 #hurricane #sandy #timelapse,Hurricane,information dissemination,update
221935691,The latest as Hurricane Sandy hits landfall. Rolling news coverage @SkyNews throughout the night,Hurricane,information dissemination,update
221935692,Obviously the deaths caused by hurricane Sandy are devastating and all but don't worry they're all part of God's plan.,Hurricane,empathy,well wishes
221935693,wow hurricane sandy is getting bad http://t.co/ZCaifdRv,Hurricane,information dissemination,update
221935694,Stay safe! #NYC RT @WSJNY Crane crumples above One57 ManhattanÃÂ¤ÃÂ³ÃÂ»s glitziest condo. #Sandy http://t.co/KVoA7ywr via @WSJ,Hurricane,information dissemination,intensity
221935698,At least 50 people died in the US during Hurricane Sandy. Power out to hundreds of thousands. Schools still closed.,Hurricane,casualty,intensity
221935700,After Sandy crop dusted her wet and foul anguish across the sweaty gluteus of Miami the sun shines bright again. http://t.co/ZURquDD2,Hurricane,information dissemination,emotion
221935703,RT @weatherchannel: @NYGovCuomo orders closing of NYC bridges. Only Staten Island bridges unaffected at this time. Must close by 7pm. #Sandy,Hurricane,damage,rescue support
221935704,Find open pharmacies after #Frankenstorm #Sandy in the NYC area @RxResponse @WPIX #PSRT #MedsInDisaster,Hurricane,information dissemination,relief assistance
221935705,half of Elmira is out of power. not because sandy but because it's the end of the month and nyseg is overdue.,Hurricane,information dissemination,update
221935706,Still stuck in NYC but sandy is not going to stop me from making it back for @funfunfunfest,Hurricane,safety,update
221935707,My worst nightmare - A shark casually swimming down a road in NYC #sandy http://t.co/p1NoDMkp #sharkmare,Hurricane,empathy,update
221935708,The most impressive pics and videos of Hurricane Sandy from space http://t.co/TWKK0DtX,Hurricane,information dissemination,update
221935709,Problems at Five Nuke Plants http://t.co/DtceY4pS,Hurricane,information dissemination,update
221935710,Now that the sun is down and you're hopefully safely inside share your hurricane photos with us. http://t.co/DUaTtgYJ #nhsandy,Hurricane,information dissemination,well wishes
221935711,ALERT: List of NJ PA and DE shelters - including those that are pet friendly http://t.co/K3T7t91E #sandy #sandypets,Hurricane,communication,relief assistance
221935712,This weather is making want to snack so bad #Sandy #needjunkfood,Hurricane,empathy,emotion
221935713,@Real_Liam_Payne you should follow @samm_and_cheese before Hurricane Sandy hits us in an hour !,Hurricane,information dissemination,update
221935714,BBC News - Sandy: President Obama visits New Jersey http://t.co/W4D85xzz,Hurricane,information dissemination,update
221935715,Stay safe! #NYC RT @WSJNY Crane crumples above One57 ManhattanÃÂ¤ÃÂ³ÃÂ»s glitziest condo. #Sandy http://t.co/QWTQ4FtZ via @WSJ,Hurricane,information dissemination,intensity
221935716,nydailynews: Sandy swamps Lower Manhattan with massive surge http://t.co/1L2mcYYu #nyc,Hurricane,information dissemination,update
221935717,What's the relationship between level of worry about hurricane sandy and Tuesday exam scores on this campus? #FAILURE,Hurricane,disaster preparedness,media
221935719,.@NYGovCuomo orders closing of NYC bridges. Only Staten Island bridges unaffected at this time. Bridges must close by 7pm. #Sandy #NYC,Hurricane,damage,update
221935720,Said it on Twitter yesterday will repeat today: Everybody take a deep breath. We're gonna make it through this. #Sandy #NYC,Hurricane,empathy,well wishes
221935723,#Sandy is coming and it is full of anger! #Storm #NYC http://t.co/N5ruP5z8,Hurricane,empathy,emotion
221935725,People are dead w/o power homes heat etc & people are still talking about some foolish halloween....smh #Sandy,Hurricane,casualty,intensity
221935727,Pakistan Militant With Enormous U.S. Bounty on His Head Pledges Hurricane Sandy Donation -- http://t.co/Z2acaXhf,Hurricane,humanitarian assistance,relief assistance
221935728,Godspeed. #Sandy,Hurricane,spiritual,well wishes
221935730,Emotional Care for Children in a Disaster - tips for parents #SANDY #frankenstorm http://t.co/oPMgYKCH #DT @operationSAFE,Hurricane,empathy,emotion
221935734,Eery images from the empty #NYC subways - http://t.co/fPNelP3M #sandy,Hurricane,information dissemination,update
221935737,Reportaje fotogrÃÂ­ÃÂ§fico con imÃÂ­ÃÂ§genes muy impactantes del paso del #Sandy por Estados Unidos http://t.co/JF8m19c3,Hurricane,information dissemination,emotion
221935739,"Mayor Bloomberg: """"Please use 311 for downed trees and flooding not 911."""" #Sandy #NYC",Hurricane,communication,emergency response
221935740,Lawd..where is my cup..watching the News is making my nerves bad #sandy,Hurricane,empathy,emotion
221935741,Sandy is a warning. We must work together to solve the climate crisis & support our neighbors in need: http://t.co/Rl2XdGF3,Hurricane,empathy,relief assistance
221935742,At least 33 people in eight states were confirmed dead from Sandy including 16 people in New York City: http://t.co/1U1mjErO via @WSJ,Hurricane,casualty,intensity
221935743,@Real_Liam_Payne I'm in NYC stuck in Hurricane Sandy please follow me!!! It would make my night!!!!!!,Hurricane,empathy,emotion
221935744,Ppl in #RedHook need candles batteries flashlights food. Stores here out. Bring them here: 767 Hicks st. http://t.co/HVw5JZSR #sandy,Hurricane,communication,relief assistance
221935745,Some friends lost everything in #Sandy http://t.co/Eo6QhbBq Please RT & help if you can #smchat #usguys #asw13,Hurricane,empathy,relief assistance
221935746,"Sandy Killed 69 People In The Caribbean  15 People In NY  & 3 People In NJ . : ( RT To Show Respect .""",Hurricane,die,intensity
221935747,the time for evacuation is now over - mike bloomberg. | #nyc #sandy,Hurricane,safety,rescue support
221935748,@OMGFacts: Amazing soldiers standing at the Tomb of the Unknown Soldier during hurricane #Sandy. http://t.co/P9TvFliJ #Fb,Hurricane,information dissemination,emotion
221935749,70000 still without power in Ontario after #Sandy . Most to be reconnected within 24 hours: Ont. energy minister,Hurricane,safety,rescue support
221935750,View of the Statue of Liberty from Battery Park City. Stay Safe New York #HurricaneSandy #NYC #sandy http://t.co/tc7t4m4T,Hurricane,information dissemination,well wishes
221935752,UPDATE: All Broadway performances in NYC Monday 10/29 and Tuesday 10/30 have been cancelled. #Sandy More info: http://t.co/lYJ7xUrB,Hurricane,information dissemination,update
221935753,Christie postpones Halloween celebrations in New Jersey - USA TODAY: ABC NewsChristie postpones Halloween celebr... http://t.co/WEF3U3PL,Hurricane,information dissemination,update
221935754,Winning. RT @WSJweather: No fatalities in #Sandy so far in NYC.,Hurricane,safety,update
221935755,@ShutupSimba Did you hear about Hurricane Sandy? Which destroyed the east coast. My hearts out to New York,Hurricane,empathy,emotion
221935756,MTA chairman: There are 7 subway tunnels that connect Manhattan to Brooklyn & Queens those 7 are flooded #nyc #Sandy,Hurricane,damage,destruction
221935758,ÃÂ¤ÃÂ³ÃÂ¬@SunshineChris_: I can't talk to @SimonaMarie right now she's mad stupidÃÂ¤ÃÂ³ÃÂ.... Stop laughing shit just real out here #sandy #nyc,Hurricane,empathy,emotion
221935759,"Thoughts & prayers to those affected by Hurricane Sandy. Text the word """"""""Redcross"""""""" to 90999 to make a $10 donation.",Hurricane,empathy,relief assistance
221935760,Viento de 80 km/H en NYC #Sandy. Alerta MeteorolÃÂ­_gica en CABA y Pcia Bs As #Serenito,Hurricane,information dissemination,intensity
221935761,If #Sandy causes major damage FEMA stands ready to deliver Soy Lattes to NYC's Upper West Side.,Hurricane,humanitarian assistance,relief assistance
221935762,omg my prayers go out to the new-yorkers that died from hurricane sandy.,Hurricane,spiritual,well wishes
221935763,How A Facebook Page Prepared A Region For Hurricane Sandy And What That Teaches About Social Media: Today is st... http://t.co/xEwG605M,Hurricane,disaster preparedness,update
221935764,Here's the latest amazing and totally not-faked photo of #Sandy approaching NYC: http://t.co/eg7kzUQX,Hurricane,information dissemination,update
221935765,ÃÂ¤ÃÂ³ÃÂ¬@cnnbrk: Bloomberg; Storm killed 10 in NYC. CNN U.S. toll from #Sandy at least 21. http://t.co/5i8o9c1iÃÂ¤ÃÂ³ÃÂ #eyeSJU #sandy,Hurricane,die,intensity
221935766,RT @BudgetTravel: Stranded because of #Sandy? Here's what you need to know--#airline by airline http://t.co/REmduOnv #Frankenstorm,Hurricane,safety,update
221935770,RT @UN: UNHQ in NYC will be also be closed on Tuesday due to Hurricane #Sandy. More info here: http://t.co/0p90eZIa,Hurricane,information dissemination,media
221935771,Sandy is year's No. 2 topic on Facebook - CNN http://t.co/WSIb3knx #Tech,Hurricane,information dissemination,update
221935772,i know it sounds grim but i'd love to be in/near new york right now to see this shi go down! scary times God Bless NYC #Sandy #StaySafe,Hurricane,empathy,well wishes
221935773,Storm-battered US sifts through SandyÃÂ¤ÃÂ³ÃÂ»s wreckage: Peter Andrews removes belongings from his fatherÃÂ¤ÃÂ³ÃÂ»s beachfront home destroyed in th...,Hurricane,damage,destruction
221935774,Now we gotta a damn high wind thanks to that bitch Sandy,Hurricane,information dissemination,well wishes
221935775,@HeyNowKen @Replichel The chill before the thrill! #Sandy #nyc http://t.co/GnBsaAL0,Hurricane,information dissemination,emotion
221935777,I love that jbar & courtside are donating a percentage of the sales of the evening to the victims of hurricane Sandy #everyonedrinkforacause,Hurricane,humanitarian assistance,relief assistance
221935778,Any time over the next hour It should be here #sandy #NYC,Hurricane,information dissemination,update
221935779,How to Find the Hurricane Sandy Shelter Closest to You http://t.co/QabOr5a1,Hurricane,safety,emergency response
221935780,Romney confirmed his stance to shut down FEMA: http://t.co/zyRWxhfC /via @TheAtlanticWire,Hurricane,information dissemination,update
221935781,In all of the excitement please don't forget about #Sandy victims. Donate money donate blood: http://t.co/mTKHmUAr,Hurricane,empathy,relief assistance
221935782,Thanks Hurricane Sandy for making my bed feel 2x as comfy :)~,Hurricane,empathy,emotion
221935783,Photo: #Astoria seems more or less unscathed #Ditmars #nyc #sandy #aftermath http://t.co/WnQQvpYK,Hurricane,information dissemination,well wishes
221935784,A time-lapse of the New York City sky during #Sandy. WATCH: http://t.co/0OX5cPzU /via @TheAtlantic @cubfancurt,Hurricane,information dissemination,update
221935785,SMH . RT @CBSNews: Crane dangles from NYC high-rise as Hurricane Sandy bears down on city http://t.co/3UbIIicH,Hurricane,information dissemination,update
221935786,"Thoughts & prayers to those affected by Hurricane Sandy. Text the word """"""""""""""""Redcross"""""""""""""""" to 90999 to make a $10 donation.",Hurricane,empathy,relief assistance
221935788,Waoo Sandy a causado un desastre en el este de EEUU + de 50 casas incendiadas en Queens #Sandy,Hurricane,information dissemination,intensity
221935789,Is anyone else in NYC getting a headache from the Sandy barometric pressure drop?,Hurricane,inquiry,update
221935790,LIVE: US President @barackobama arrives in Atlantic City New Jersey to inspect damage caused by#Sandy http://t.co/H9FXzHLQ,Hurricane,information dissemination,update
221935791,hurrican sandy trying to ruin my day? not happenin. goin out wit no worrries fuckers,Hurricane,empathy,emotion
221935792,Seems all the praying is working as nothing is happening storm wise in the centre of Manhattan anyway. #storm #sandy #nyc,Hurricane,spiritual,well wishes
221935793,RT @thematthewkeys: NYC Mayor Bloomberg: ConEd may shut down power in southern Brooklyn and lower Manhattan. #Sandy,Hurricane,information dissemination,update
221935795,Public transit in NYC will be closed tomorrow morning and remain closed throughout the day. http://t.co/WWmlZvHe #Sandy,Hurricane,information dissemination,update
221935796,CORRECTION: My next update on NYC's response to #Sandy is at 10 am (10/30). Watch live at http://t.co/pzWEzMcp,Hurricane,information dissemination,update
221935797,#sandy 200000 homeless in Haiti and 52 dead http://t.co/wMrBLWLT - But Mail reports no cellphone coverage in New York http://t.co/hJzbcNWr,Hurricane,casualty,update
221935798,Maldito Sandy! NYC #frankenstorm http://t.co/xh80uEe6,Hurricane,information dissemination,update
221935799,Hurricane Sandy Puts Spotlight on Cloud-Based Data #Storage | http://t.co/kvtxxSDU http://t.co/GSu6tlri,Hurricane,information dissemination,update
221935800,Most of the water in NYC had receded but debris is everywhere. Movement around LI is going to be difficult at best. #sandy,Hurricane,damage,destruction
221935801,Still no sign of sandy making it rain on us 0.o,Hurricane,information dissemination,update
221935802,Romney bought $5k of food for people to ÃÂ¤ÃÂ³ÃÂ¬donateÃÂ¤ÃÂ³ÃÂ back to him at phony ÃÂ¤ÃÂ³ÃÂ¬hurricaneÃÂ¤ÃÂ³ÃÂ rally http://t.co/INTSLBUT via @AMERICAblog,Hurricane,humanitarian assistance,relief assistance
221935803,Sandy Toll Hits 69 in Carribean http://t.co/MlFfKOWr @democracynow,Hurricane,information dissemination,intensity
221935805,Winds howling crazy like a banshee thru NYC - bring it on Hurricane Sandy! (good call for the city govt. to shut everything down today),Hurricane,information dissemination,update
221935806,omg these hurricane sandy tweets are priceless. I feel bad for laughing tho my lord,Hurricane,empathy,emotion
221935807,BREAKING: Governor to give #Sandy briefing at 11:15am at #NYC office,Hurricane,news,update
221935808,Times Square in #NYC has been abandoned because of hurricane #Sandy. The lights are still shining though. http://t.co/t88apVoO,Hurricane,information dissemination,rescue support
221935809,Prayers!! RT @jacquereid: RT @ABC: New York's Bellevue Hospital Set to Evacuate After Sandy http://t.co/gZUyn3uQ,Hurricane,spiritual,rescue support
221935811,"Pro-Assad group: ""Sources confirmed to us that #Sandy was set off by highly advanced technologies developed by the heroic Iranian regime""",Hurricane,information dissemination,update
221935814,Hurricane Sandy is expected to cause up to $10 billion in insured losses. Details: http://t.co/DdBTMYtb,Hurricane,information dissemination,update
221935817,Sandy insane im actually scared now this is so much worse than irene haha. I think i feel my house moving,Hurricane,empathy,emotion
221935818,don't worry people affected by hurricane sandy stacey on facebook says her thoughts go out to you. so everything is okay now.,Hurricane,empathy,well wishes
221935819,I can't get the image of thousands of sea creatures on the streets of Maine out of my head cc @torihatesyou #Sandy #BUFFET!!!!,Hurricane,empathy,emotion
221935820,A shark casually swimming down a road in NYC #sandy http://t.co/4j9Q0Ri2,Hurricane,information dissemination,update
221935821,Lost my tv signal to see #Sandy updates but still grateful for internet and con ed in Harlem.,Hurricane,information dissemination,update
221935822,Hurricane Sandy has done some serious damage in the NY/NJ area. People's homes are on state highways!,Hurricane,damage,intensity
221935824,OMG at this pic of soldiers currently at the Tomb of the Unknowns in DC. #Sandy http://t.co/2jYAcWx2,Hurricane,information dissemination,update
221935825,36 deaths already from hurricane Sandy so sad. My prayers go out to all the people that were impacted #Sandy #praying,Hurricane,spiritual,well wishes
221935827,My parents and little bro are stuck in NYC because of Sandy. Nervous for them and for all my NE loves! Stay safe y'all.,Hurricane,empathy,well wishes
221935829,@BfordAnderson pray for the 2 lost boys swept away during Sandy 2 and 3 years old. Swept out of their mothers arms.,Hurricane,spiritual,well wishes
221935830,Hurricane Sandy changed course missed NYC & is now devastating the Jersey Shore. Maybe there is a God after all,Hurricane,damage,intensity
221935831,Yes but my subway is delayed 4 days. RT @olavkjorven: #Sandy destroyed 70 per cent of the crops in southern #Haiti http://t.co/hk1bG7FC,Hurricane,damage,update
221935833,Sandy's victims need your help. To donate text REDCROSS to 90999. Or click this link: https://t.co/nPXGCjCw ÃÂ¤ÃÂ³_ ÃÂ¤ÃÂ³_,Hurricane,humanitarian assistance,relief assistance
221935834,FIFTY DEAD...and it's NOT over: Obama's grim warning as he prepares to visit scenes of hurricane 'major disaster' - http://t.co/zrqpgERI,Hurricane,information dissemination,emotion
221935835,ÃÂ¤ÃÂ³ÃÂ¬RT @TIME: NYC firefighters look up at a collapsed crane dangling from a building | http://t.co/xyMHrTYh #SandyÃÂ¤ÃÂ³ÃÂ,Hurricane,information dissemination,rescue support
221935836,#Battery at 10.1 ft #flood stage at 6:18pm. #Sandy threatens #saltwater #damage 2 #NYC subways. Pls don't blame #teaparty for this.,Hurricane,damage,intensity
221935837,This is by far one of the most ominous shots from NYC! Good luck friends and family. God speed folks! #sandy http://t.co/hpANdaW2,Hurricane,empathy,well wishes
221935838,#sandy Now had 17 calls from different buddies on the east coast saying they have multiple animal sit-ins something's up!,Hurricane,communication,rescue support
221935839,NYC firefighters look up at a collapsed crane dangling from a building | http://t.co/8abQk4SC #Sandy,Hurricane,information dissemination,rescue support
221935840,To be honest it would have made #Sandy think a little harder about where to head for half term - NYC is too predictable. Swansea possibly?,Hurricane,empathy,emotion
221935841,Awesome interactive #Sandy map from Google pinpointing emergency shelter traffic conditions and more: http://t.co/aT1ptvFP,Hurricane,information dissemination,recovery support
221935842,@see_clair_write @bhammag Can/have you confirmed that he's definitely coming & not trapped in NYC due to Sandy?,Hurricane,safety,rescue support
221935844,25 Incredible Pictures Of Hurricane Sandy's Destruction In New Jersey http://t.co/puT2dsID via @buzzfeed,Hurricane,information dissemination,update
221935845,Panic rules in NYC as Starbucks closes all locations with Hurricane Sandy coming ashore,Hurricane,information dissemination,rescue support
221935847,If the streets and subways of #NYC flood legions of rodents will head for high ground and that's straight #nasty Miss #Sandy,Hurricane,damage,destruction
221935848,Sandy Killed 69 People In The Caribbean  15 People In NY  & 3 People In NJ . : ( RT To Show Respect .,Hurricane,die,intensity
221935849,Amazing soldiers standing at the Tomb of the Unknown Soldier during hurricane Sandy. http://t.co/h2AKd0kJ,Hurricane,empathy,emotion
221935850,Lots of fake storm photos are circulating online but this one has been confirmed as authentic #Sandy http://t.co/mxQmxT03,Hurricane,information dissemination,update
221935852,@vannamle Also hope you're doing okay with Shitstorm Sandy and all.,Hurricane,empathy,well wishes
221935854,Get ready for sending supplicant items for your hometown and homestate @MISSMYA. #Sandy is a**-beating DMV worse than Irene.,Hurricane,humanitarian assistance,relief assistance
221935856,NYC/east coast: If cell network is busy or internet is down text any #Sandy ?'s to 311692 for free. http://t.co/eeVDFqgK please R-T,Hurricane,communication,emergency response
221935857,New York City never sleeps.... #hurricance #sandy #nyc http://t.co/pULOJI05,Hurricane,information dissemination,emotion
221935858,Another day of chainsaws leaf blowers and cleanup in Morris County after Sandy.,Hurricane,information dissemination,relief assistance
221935861,Frightening new radar pic of 'Hurricane Sandy' approaching east coast... http://t.co/Cv3xBGDV,Hurricane,information dissemination,extension
221935862,Non-stop ambulances and fire trucks crazy winds and random sounds of things crashing. I think #sandy is finally in NYC.,Hurricane,information dissemination,update
221935863,If in immediate need of shelter please visit http://t.co/Pgxt83by to locate your nearest options. #shelter #Sandy,Hurricane,safety,relief assistance
221935865,Mitt Romney has advised that everyone in Hurricane Sandy's path please make their way to their 2nd or 3rd home immediately.,Hurricane,safety,relief assistance
221935867,Regarding the CRANE dangling in #NYC why would they have even had it up knowing #Sandy was coming?,Hurricane,information dissemination,update
221935870,Carros sumergidos en Manhattan #NYC 14th St & Avenue C http://t.co/l07JBqQc #Sandy @teledos_tcs,Hurricane,information dissemination,update
221935871,Monster storm Sandy leaves New York eastern U.S. crippled http://t.co/ZnpXnDAc,Hurricane,damage,intensity
221935872,Two people found dead in Brooklyn Tuesday morning crushed by giant trees: http://t.co/mpw3UxvJ #Sandy,Hurricane,die,intensity
221935873,I truly feel sorry for the homeless and animals. Imagine what they are going through during #Sandy,Hurricane,empathy,emotion
221935874,"HuffPost explains how website went down (2 data centers failed) & it's getting by on ""one power vertical!"": http://t.co/Yq0yYWTA",Hurricane,information dissemination,update
221935875,NYC as #Sandy forces her way into your harbor dont fight just lie back & enjoy. Its God's will. - Richard Mourdock probably,Hurricane,empathy,well wishes
221935878,Ominous storm clouds above the Statue of Liberty during #Sandy #NYC | http://t.co/1V8okhjd via @TIME,Hurricane,information dissemination,update
221935879,All federal government offices in and around Washington will be closed Tuesday. #HurricaneSandy http://t.co/XEYNBgW0,Hurricane,information dissemination,closure
221935880,Latest UPDATE to photo contest! Remember extended to 11/3 due to Sandy. Also remember LIST of unsnapped spots here: http://t.co/fVvXrtnJ,Hurricane,information dissemination,update
221935881,RT @danengber: Thousands of lab mice drowned at NYU hospital years of research lost. http://t.co/vacIpzQc,Hurricane,information dissemination,update
221935884,Hurricane Sandy is forcing me to spend time with my family.,Hurricane,empathy,emotion
221935885,And so it begins. The storm is getting closer and closer and the wind gets stronger and louder...#sandy,Hurricane,information dissemination,update
221935886,To donate $10 for victims & areas hit by Sandy text the number 90999 with the word REDCROSS. Will be deducted from your wireless bill.,Hurricane,humanitarian assistance,relief assistance
221935888,@sotsoy yeah now they're saying it's worse than expected #Sandy,Hurricane,information dissemination,emotion
221935889,Mayor stated that all cranes had been secured but a crane dangles from NYC high-rise as #Sandy bears down on NYC. Yikes http://t.co/8BFwgo4q,Hurricane,information dissemination,rescue support
221935890,RT @NYTMetro: Limited commuter rail service to resume in New York at 2 p.m. Wednesday http://t.co/oi2lnGTm,Hurricane,damage,update
221935891,Photos: Day After Hurricane Sandy NYC Reels From Destruction http://t.co/0Yc6bvSo,Hurricane,damage,intensity
221935892,@osPatriot Breaking: Obama to go to NYC and order Hurricane Sandy to #Standdown. President waiting for good photo op.,Hurricane,communication,information sharing
221935895,A shark was photographed swimming in the front yard of a flooded home in Brigantine Beach New Jersey #sandy pic: http://t.co/EryjeqUE,Hurricane,information dissemination,destruction
221935897,To donate $10 to the victims of Hurricane #Sandy ~ Text REDCROSS to 90999 ~ please retweet! rt,Hurricane,humanitarian assistance,relief assistance
221935898,Photos: The Hurricane Sandy Aftermath: She came she saw she destroyed. http://t.co/mXyrs9AM #Sandy #P2 #Weather,Hurricane,damage,update
221935899,Via BBC's @helenamerriman in #NewJersey: Crowd gathered at collapsed boardwalk in #AtlanticCity all look up as AF1 flew overhead #sandy,Hurricane,information dissemination,destruction
221935900,RT @NYMag: Mayor Bloomberg: The most severe part of the hurricane is now beginning. #NYC still v. much within danger zone. #Sandy,Hurricane,information dissemination,intensity
221935901,NY had one of the highest surge values on the east coast becuase of shallow part of continental shelf: Mike Tidwell on @democracynow #Sandy,Hurricane,information dissemination,update
221935902,NYC as #Sandy forces her way into your harbor dont fight just lie back & enjoy. Its God's will. - Richard Mourdock probably,Hurricane,empathy,well wishes
221935903,Woah. RT @BrooklynBased: RT @ezyjules: Dumbo is flooding. Just getting started. #Sandy #NYC http://t.co/DdwnhdP8,Hurricane,information dissemination,update
221935904,The wind is seriously intense right now!!! Time to get inside people. I love an adventure for a photo but let's be safe. #sandy #NYC,Hurricane,information dissemination,well wishes
221935905,Jimmy Fallon Braves Hurricane Sandy To Perform In... http://t.co/1hm5WD5a #TVNews #JimmyFallon #audience #comedy #funny #nail #fashion #news,Hurricane,information dissemination,update
221935906,@Real_Liam_Payne I love you so much! I'm being affected by Hurricane Sandy and a follow would mean so much! 27,Hurricane,empathy,emotion
221935908,At least 39 dead millions without power in Sandy's aftermath. http://t.co/NfqV1oYV,Hurricane,casualty,intensity
221935909,No school or work today #Sandy,Hurricane,information dissemination,emotion
221935910,"Burich Hashem! RT @WSJweather: No fatalities in #Sandy so far in NYC.""""",Hurricane,safety,well wishes
221935911,@Smurfasaur_SG hoping Hurricane Sandy stops you having an awesome halloween,Hurricane,empathy,well wishes
221935912,Most of manhattan below 39st is still without power #nyc #sandy,Hurricane,damage,destruction
221935913,If in immediate need of shelter please visit http://t.co/Pgxt83by to locate your nearest options. #shelter #Sandy,Hurricane,safety,relief assistance
221935914,The NYC crane is not a symbol of Sandy's power. It's a sign of gross incompetance.,Hurricane,information dissemination,emotion
221935915,Crane collapses near Carnegie Hall. Photo h/t @daveevansabc7 #SandyABC7 #Sandy http://t.co/WPnpMoxh,Hurricane,information dissemination,intensity
221935916,The Perfect StormThe Day After Tomorrow HurricaneDoomsday ProphecyArctic Blast Tornado!2012 ....america had time to prepare for sandy :),Hurricane,disaster preparedness,preemption
221941935,LATEST | Airports and stock exchange reopen; NJ devastated: Two major airports reopened and the floor of the New... http://t.co/GefqGlfb,Hurricane,damage,update
221941936,I'm sorry for all those who are suffering due to the Storm Sandy. God will be your refuge if you will seek Him and let Him.,Hurricane,spiritual,well wishes
221941937,looks like sandy has hit stourport!,Hurricane,damage,destruction
221941939,Still hanging in there. No power. Reading lots but still BOOORRREEDDD. Did not anticipate whole freaking Island was gonna be out! #Sandy,Hurricane,information dissemination,well wishes
